time,temp(D16),pH(A0),sensor(V)
00:00:02,30.6875,-111.08601,2.2073786
00:00:03,25.5625,-110.968732,2.2057672
00:00:04,25.5625,-110.99219,2.2060896
00:00:06,25.5625,-111.00392,2.2062506
00:00:07,25.625,-111.00392,2.2062506
00:00:09,25.5625,-110.98634,2.2060092
00:00:11,25.5625,-110.99806,2.20617
00:00:12,25.5625,-111.015656,2.2064118
00:00:13,25.5625,-111.03909,2.206734
00:00:15,25.5625,-111.027376,2.206573
00:00:16,25.5625,-111.03911,2.2067342
00:00:18,25.5625,-111.027376,2.206573
00:00:20,25.5625,-111.02736,2.2065728
00:00:21,25.625,-110.98045,2.2059284
00:00:23,25.6875,-110.99219,2.2060896
00:00:24,25.75,-110.96286,2.2056866
00:00:25,25.75,-110.98045,2.2059284
00:00:27,25.75,-110.94527,2.2054448
00:00:28,25.8125,-110.957,2.205606
00:00:30,25.875,-110.94527,2.2054448
00:00:32,25.9375,-110.91008,2.2049612
00:00:33,26.0,-110.97458,2.2058476
00:00:35,26.0625,-110.98633,2.206009
00:00:36,26.125,-110.93353,2.2052836
00:00:38,26.125,-110.93942,2.2053644
00:00:39,26.1875,-110.910092,2.2049616
00:00:41,26.1875,-110.89836,2.2048004
00:00:42,26.25,-110.88664,2.2046392
00:00:44,26.3125,-110.89836,2.2048004
00:00:45,26.375,-110.88664,2.2046392
00:00:46,26.4375,-110.83386,2.2039142
00:00:48,26.4375,-110.88077,2.2045586
00:00:49,26.5,-110.88077,2.2045586
00:00:51,26.5625,-110.83975,2.203995
00:00:53,26.625,-110.85733,2.2042364
00:00:54,26.625,-110.79283,2.2033504
00:00:56,26.6875,-110.81041,2.2035918
00:00:57,26.75,-110.798668,2.2034306
00:00:59,26.75,-110.81041,2.2035918
00:01:00,26.8125,-110.82216,2.2037532
00:01:02,26.8125,-110.763508,2.2029474
00:01:03,26.875,-110.72246,2.2023832
00:01:05,26.875,-110.745928,2.2027058
00:01:06,26.9375,-110.693144,2.2019806
00:01:08,27.0,-110.71074,2.2022224
00:01:10,27.0,-110.66382,2.2015776
00:01:11,27.0,-110.657976,2.2014972
00:01:13,27.125,-110.61105,2.2008526
00:01:14,27.125,-110.66968,2.2016582
00:01:15,27.1875,-110.6521,2.2014168
00:01:17,27.1875,-110.62865,2.2010944
00:01:18,27.1875,-110.640368,2.2012554
00:01:20,27.25,-110.581732,2.2004496
00:01:21,27.25,-110.59346,2.2006108
00:01:23,27.25,-110.63451,2.201175
00:01:24,27.3125,-110.63452,2.2011752
00:01:26,27.3125,-110.56415,2.2002082
00:01:28,27.3125,-110.57001,2.2002888
00:01:29,27.375,-110.58174,2.20045
00:01:31,27.375,-110.55826,2.2001274
00:01:32,27.4375,-110.54657,2.1999666
00:01:34,27.4375,-110.53482,2.1998052
00:01:35,27.4375,-110.56415,2.2002082
00:01:37,27.5,-110.47032,2.198919
00:01:38,27.5,-110.52896,2.1997246
00:01:40,27.5,-110.493776,2.1992412
00:01:41,27.5,-110.51723,2.1995636
00:01:43,27.5625,-110.49963,2.1993218
00:01:45,27.5625,-110.440992,2.1985162
00:01:46,27.5625,-110.49965,2.199322
00:01:47,27.625,-110.41754,2.1981938
00:01:49,27.625,-110.435132,2.1984356
00:01:50,27.6875,-110.41756,2.198194
00:01:52,27.625,-110.429272,2.198355
00:01:53,27.6875,-110.41168,2.1981132
00:01:55,27.6875,-110.394104,2.1978716
00:01:56,27.6875,-110.39407,2.1978714
00:01:58,27.6875,-110.36478,2.1974688
00:02:00,27.75,-110.37064,2.1975494
00:02:01,27.75,-110.29443,2.1965022
00:02:03,27.75,-110.30614,2.1966632
00:02:04,27.75,-110.31787,2.1968244
00:02:06,27.75,-110.31201,2.1967438
00:02:07,27.8125,-110.2827,2.196341
00:02:09,27.8125,-110.23578,2.1956964
00:02:10,27.8125,-110.24164,2.195777
00:02:12,27.8125,-110.224052,2.1955352
00:02:13,27.875,-110.30028,2.1965826
00:02:15,27.875,-110.23578,2.1956964
00:02:17,27.875,-110.183016,2.1949714
00:02:18,27.875,-110.183016,2.1949714
00:02:20,27.875,-110.25923,2.1960188
00:02:21,27.875,-110.19473,2.1951324
00:02:23,27.875,-110.19473,2.1951324
00:02:24,27.875,-110.17714,2.1948908
00:02:26,27.9375,-110.13023,2.1942464
00:02:27,27.9375,-110.20647,2.1952936
00:02:29,27.9375,-110.124376,2.1941656
00:02:30,27.9375,-110.16542,2.1947296
00:02:32,27.9375,-110.171292,2.1948104
00:02:34,27.9375,-110.14194,2.194407
00:02:35,27.9375,-110.10092,2.1938434
00:02:37,28.0,-110.08919,2.1936822
00:02:38,28.0,-110.11264,2.1940046
00:02:40,27.9375,-110.09505,2.1937628
00:02:41,28.0,-110.07745,2.193521
00:02:43,28.0,-110.05986,2.1932792
00:02:44,28.0,-110.05986,2.1932792
00:02:46,28.0,-110.071592,2.1934404
00:02:48,28.0625,-110.06572,2.1933598
00:02:49,28.0625,-110.054,2.1931988
00:02:51,28.0625,-110.03053,2.1928764
00:02:52,28.0625,-110.054,2.1931988
00:02:54,28.0625,-110.08334,2.1936018
00:02:55,28.0625,-110.02469,2.192796
00:02:57,28.125,-110.02469,2.192796
00:02:58,28.0625,-109.96019,2.1919098
00:03:00,28.0625,-109.98952,2.1923128
00:03:01,28.125,-109.9426,2.191668
00:03:03,28.125,-110.00122,2.1924736
00:03:05,28.125,-109.99536,2.192393
00:03:06,28.125,-109.9426,2.191668
00:03:08,28.1875,-109.9426,2.191668
00:03:09,28.125,-109.90741,2.1911846
00:03:11,28.125,-109.94844,2.1917484
00:03:12,28.125,-109.91913,2.1913456
00:03:14,28.125,-109.88394,2.1908622
00:03:15,28.125,-109.87224,2.1907012
00:03:17,28.125,-109.87224,2.1907012
00:03:18,28.1875,-109.91327,2.191265
00:03:20,28.1875,-109.86636,2.1906206
00:03:21,28.1875,-109.842932,2.1902986
00:03:23,28.1875,-109.8136,2.1898956
00:03:24,28.1875,-109.854648,2.1904596
00:03:26,28.1875,-109.83704,2.1902178
00:03:27,28.25,-109.81946,2.1899762
00:03:29,28.1875,-109.81946,2.1899762
00:03:30,28.3125,-109.76082,2.1891704
00:03:31,28.25,-109.77843,2.1894124
00:03:33,28.3125,-109.8136,2.1898956
00:03:34,28.25,-109.790144,2.1895732
00:03:36,28.3125,-109.743224,2.1889286
00:03:37,28.25,-109.702192,2.188365
00:03:39,28.25,-109.76082,2.1891704
00:03:40,28.3125,-109.7491,2.1890094
00:03:42,28.3125,-109.71391,2.188526
00:03:43,28.3125,-109.6846,2.1881232
00:03:45,28.3125,-109.72565,2.188687
00:03:46,28.3125,-109.737368,2.1888482
00:03:48,28.3125,-109.6846,2.1881232
00:03:49,28.3125,-109.66702,2.1878816
00:03:51,28.3125,-109.67287,2.187962
00:03:52,28.3125,-109.702192,2.188365
00:03:54,28.3125,-109.67285,2.1879618
00:03:55,28.3125,-109.584916,2.1867536
00:03:57,28.3125,-109.65527,2.1877204
00:03:58,28.3125,-109.643552,2.1875592
00:03:59,28.3125,-109.64943,2.18764
00:04:01,28.375,-109.62598,2.1873176
00:04:02,28.3125,-109.59665,2.1869148
00:04:04,28.3125,-109.584916,2.1867536
00:04:05,28.3125,-109.54974,2.1862702
00:04:07,28.3125,-109.5732,2.1865926
00:04:09,28.375,-109.596664,2.186915
00:04:11,28.375,-109.5732,2.1865926
00:04:12,28.375,-109.50282,2.1856256
00:04:14,28.375,-109.52629,2.185948
00:04:15,28.375,-109.50282,2.1856256
00:04:17,28.375,-109.52629,2.185948
00:04:18,28.375,-109.52042,2.1858672
00:04:20,28.375,-109.49696,2.185545
00:04:21,28.375,-109.45006,2.1849006
00:04:23,28.375,-109.50868,2.1857062
00:04:24,28.375,-109.4559,2.1849808
00:04:26,28.375,-109.473496,2.1852226
00:04:27,28.375,-109.44417,2.1848196
00:04:29,28.375,-109.52042,2.1858672
00:04:30,28.375,-109.420744,2.1844978
00:04:32,28.375,-109.40901,2.1843366
00:04:34,28.375,-109.42073,2.1844976
00:04:35,28.375,-109.38556,2.1840144
00:04:37,28.375,-109.38556,2.1840144
00:04:39,28.4375,-109.409,2.1843364
00:04:40,28.4375,-109.39729,2.1841756
00:04:42,28.375,-109.35037,2.1835308
00:04:43,28.4375,-109.35039,2.183531
00:04:45,28.4375,-109.34451,2.1834504
00:04:46,28.4375,-109.367968,2.1837726
00:04:47,28.4375,-109.30931,2.1829668
00:04:49,28.4375,-109.33278,2.183289
00:04:50,28.4375,-109.30931,2.1829668
00:04:52,28.375,-109.33278,2.183289
00:04:53,28.4375,-109.30347,2.1828864
00:04:55,28.375,-109.326904,2.1832084
00:04:57,28.4375,-109.28003,2.1825642
00:04:58,28.4375,-109.25069,2.182161
00:05:00,28.4375,-109.26828,2.1824028
00:05:01,28.4375,-109.25656,2.182242
00:05:03,28.4375,-109.26239,2.182322
00:05:05,28.375,-109.25069,2.182161
00:05:06,28.4375,-109.268296,2.182403
00:05:07,28.4375,-109.24483,2.1820808
00:05:09,28.375,-109.268296,2.182403
00:05:11,28.375,-109.16861,2.1810334
00:05:12,28.4375,-109.221376,2.1817584
00:05:14,28.375,-109.20378,2.1815166
00:05:15,28.4375,-109.20378,2.1815166
00:05:17,28.375,-109.19791,2.181436
00:05:18,28.4375,-109.20378,2.1815166
00:05:20,28.4375,-109.20378,2.1815166
00:05:21,28.375,-109.18619,2.181275
00:05:23,28.4375,-109.19791,2.181436
00:05:24,28.4375,-109.18033,2.1811946
00:05:26,28.4375,-109.12755,2.1804692
00:05:27,28.4375,-109.18031,2.1811944
00:05:30,28.4375,-109.13927,2.1806302
00:05:31,28.4375,-109.15102,2.1807916
00:05:33,28.4375,-109.156872,2.1808722
00:05:34,28.4375,-109.14514,2.180711
00:05:36,28.4375,-109.08064,2.1798248
00:05:37,28.4375,-109.10997,2.1802278
00:05:39,28.4375,-109.150984,2.1807914
00:05:40,28.4375,-109.08652,2.1799054
00:05:43,28.4375,-109.09239,2.1799862
00:05:45,28.4375,-109.115816,2.180308
00:05:47,28.4375,-109.104092,2.180147
00:05:49,28.4375,-109.07478,2.1797442
00:05:50,28.4375,-109.08064,2.1798248
00:05:52,28.4375,-108.99855,2.1786968
00:05:54,28.4375,-109.051316,2.179422
00:05:55,28.4375,-109.0103,2.1788582
00:05:56,28.375,-108.99855,2.1786968
00:05:58,28.4375,-109.01614,2.1789386
00:05:59,28.375,-109.01613,2.1789384
00:06:01,28.4375,-109.01027,2.1788578
00:06:02,28.4375,-108.998568,2.178697
00:06:04,28.4375,-108.99269,2.1786164
00:06:05,28.4375,-108.98685,2.178536
00:06:07,28.4375,-108.998568,2.178697
00:06:08,28.4375,-108.951652,2.1780524
00:06:10,28.4375,-108.904752,2.177408
00:06:11,28.4375,-108.95752,2.178133
00:06:13,28.4375,-108.93404,2.1778104
00:06:14,28.4375,-108.92235,2.1776498
00:06:16,28.4375,-108.98097,2.1784554
00:06:17,28.4375,-108.92819,2.17773
00:06:19,28.4375,-108.939928,2.1778912
00:06:20,28.4375,-108.857832,2.1767632
00:06:22,28.4375,-108.904716,2.1774078
00:06:23,28.4375,-108.88713,2.177166
00:06:25,28.4375,-108.88716,2.1771662
00:06:26,28.375,-108.86955,2.1769244
00:06:27,28.4375,-108.893008,2.1772466
00:06:29,28.375,-108.898868,2.1773272
00:06:30,28.4375,-108.81679,2.1761994
00:06:32,28.4375,-108.834368,2.176441
00:06:33,28.4375,-108.82266,2.17628
00:06:35,28.4375,-108.81679,2.1761994
00:06:36,28.4375,-108.81091,2.1761186
00:06:38,28.375,-108.7816,2.175716
00:06:39,28.4375,-108.81677,2.1761992
00:06:41,28.4375,-108.793336,2.175877
00:06:42,28.375,-108.77576,2.1756356
00:06:44,28.4375,-108.80505,2.1760382
00:06:45,28.375,-108.75815,2.1753936
00:06:47,28.4375,-108.8461,2.1766022
00:06:48,28.4375,-108.7816,2.175716
00:06:50,28.4375,-108.76401,2.1754742
00:06:51,28.4375,-108.746416,2.1752324
00:06:53,28.4375,-108.76987,2.1755548
00:06:54,28.4375,-108.722944,2.17491
00:06:56,28.375,-108.72296,2.1749104
00:06:57,28.4375,-108.69365,2.1745074
00:06:59,28.4375,-108.76401,2.1754742
00:07:00,28.375,-108.687776,2.1744268
00:07:02,28.4375,-108.693668,2.1745076
00:07:03,28.4375,-108.687776,2.1744268
00:07:05,28.375,-108.681912,2.1743462
00:07:06,28.375,-108.6174,2.1734598
00:07:07,28.4375,-108.63501,2.1737018
00:07:09,28.4375,-108.59982,2.1732182
00:07:11,28.4375,-108.5529,2.1725736
00:07:12,28.4375,-108.54117,2.1724124
00:07:14,28.4375,-108.50015,2.1718488
00:07:15,28.5,-108.49426,2.171768
00:07:16,28.5,-108.418052,2.1707206
00:07:18,28.5,-108.44736,2.1711236
00:07:19,28.5,-108.39459,2.1703984
00:07:21,28.5625,-108.44736,2.1711236
00:07:22,28.5625,-108.34769,2.169754
00:07:24,28.5625,-108.33598,2.169593
00:07:25,28.5625,-108.28317,2.1688676
00:07:27,28.5625,-108.253868,2.168465
00:07:28,28.625,-108.212852,2.1679012
00:07:30,28.5625,-108.1835,2.167498
00:07:31,28.625,-108.12488,2.1666924
00:07:33,28.625,-108.107288,2.1664508
00:07:35,28.625,-108.00174,2.1650006
00:07:37,28.6875,-107.8786,2.1633086
00:07:38,28.6875,-107.69095,2.1607304
00:07:40,28.6875,-107.53265,2.1585552
00:07:41,28.75,-107.40364,2.1567826
00:07:43,28.8125,-107.31569,2.1555744
00:07:44,28.875,-107.18083,2.1537214
00:07:46,28.875,-106.94629,2.1504986
00:07:47,28.9375,-106.8114,2.1486454
00:07:49,28.9375,-106.571016,2.1453424
00:07:50,29.0,-106.34819,2.1422808
00:07:52,29.0,-106.04915,2.138172
00:07:53,29.0625,-105.65628,2.1327738
00:07:55,29.0625,-105.298616,2.1278596
00:07:56,29.125,-104.84125,2.1215754
00:07:58,29.1875,-104.395616,2.1154524
00:07:59,29.1875,-103.79166,2.107154
00:08:01,29.25,-103.076296,2.0973248
00:08:02,29.25,-101.44621,2.0749274
00:08:04,29.3125,-96.1301,2.0018838
00:08:05,29.3125,-87.38158,1.8816788
00:08:07,29.3125,-77.26902,1.7427318
00:08:08,29.375,-69.30256,1.6332724
00:08:10,29.375,-65.64953,1.5830796
00:08:11,29.375,-64.253976,1.5639046
00:08:13,29.375,-63.52688,1.5539143
00:08:14,29.375,-62.975708,1.5463412
00:08:16,29.375,-62.54181,1.5403794
00:08:17,29.375,-62.18412,1.5354648
00:08:19,29.3125,-61.920264,1.5318394
00:08:20,29.3125,-61.650528,1.5281332
00:08:22,29.375,-61.34562,1.5239437
00:08:24,29.3125,-61.128664,1.5209627
00:08:25,29.3125,-61.00553,1.5192709
00:08:28,29.25,-60.823752,1.5167732
00:08:29,29.25,-60.64785,1.5143564
00:08:30,29.25,-60.50712,1.5124227
00:08:32,29.1875,-60.407448,1.5110532
00:08:33,29.1875,-60.354676,1.510328
00:08:35,29.1875,-60.19049,1.5080721
00:08:36,29.125,-60.149452,1.5075083
00:08:38,29.125,-60.026312,1.5058164
00:08:39,29.125,-59.95009,1.5047691
00:08:41,29.0625,-59.903168,1.5041244
00:08:42,29.0625,-59.71553,1.5015463
00:08:44,29.0625,-59.639312,1.500499
00:08:45,29.0625,-59.55722,1.499371
00:08:47,29.0,-59.510324,1.4987266
00:08:48,29.0,-59.393036,1.4971151
00:08:50,29.0,-59.434083,1.4976791
00:08:52,28.9375,-59.281616,1.4955842
00:08:53,28.9375,-59.240576,1.4950204
00:08:55,28.9375,-59.181944,1.4942148
00:08:56,28.9375,-59.094,1.4930064
00:08:58,28.875,-59.094,1.4930064
00:08:59,28.875,-59.02948,1.4921199
00:09:01,28.875,-58.97087,1.4913145
00:09:02,28.8125,-58.970848,1.4913143
00:09:04,28.8125,-58.888764,1.4901864
00:09:05,28.8125,-58.871176,1.4899448
00:09:07,28.8125,-58.759772,1.488414
00:09:08,28.8125,-58.665948,1.4871249
00:09:10,28.75,-58.72458,1.4879305
00:09:11,28.75,-58.648352,1.4868832
00:09:13,28.6875,-58.64836,1.4868833
00:09:14,28.6875,-58.56627,1.4857553
00:09:16,28.6875,-58.542816,1.4854331
00:09:17,28.6875,-58.47245,1.4844662
00:09:19,28.6875,-58.53109,1.4852719
00:09:20,28.6875,-58.46659,1.4843857
00:09:22,28.6875,-58.39035,1.4833382
00:09:23,28.625,-58.37278,1.4830967
00:09:25,28.625,-58.390364,1.4833384
00:09:26,28.625,-58.26722,1.4816464
00:09:28,28.625,-58.290672,1.4819686
00:09:29,28.5625,-58.22032,1.481002
00:09:31,28.5625,-58.179268,1.4804379
00:09:32,28.5625,-58.243776,1.4813242
00:09:34,28.5625,-58.132356,1.4797933
00:09:35,28.5625,-58.14995,1.4800351
00:09:37,28.5,-58.07959,1.4790683
00:09:38,28.5625,-58.079596,1.4790684
00:09:40,28.5,-58.032684,1.4784238
00:09:41,28.5,-58.05027,1.4786655
00:09:43,28.5,-57.956444,1.4773764
00:09:44,28.4375,-57.956444,1.4773764
00:09:46,28.4375,-57.933008,1.4770542
00:09:47,28.4375,-57.938858,1.4771347
00:09:48,28.375,-57.96231,1.4774569
00:09:50,28.375,-57.8685,1.4761679
00:09:51,28.375,-57.792268,1.4751206
00:09:53,28.375,-57.856764,1.4760068
00:09:54,28.375,-57.827452,1.4756039
00:09:56,28.375,-57.751236,1.4745567
00:09:57,28.375,-57.75122,1.4745566
00:09:59,28.375,-57.733636,1.4743149
00:10:00,28.3125,-57.704324,1.4739121
00:10:02,28.3125,-57.733636,1.4743149
00:10:03,28.3125,-57.71604,1.4740732
00:10:05,28.3125,-57.639824,1.4730259
00:10:06,28.25,-57.686716,1.4736702
00:10:08,28.25,-57.622224,1.472784
00:10:09,28.25,-57.592904,1.4723812
00:10:11,28.25,-57.598764,1.4724617
00:10:12,28.25,-57.54599,1.4717367
00:10:14,28.1875,-57.56945,1.472059
00:10:15,28.1875,-57.581184,1.4722202
00:10:17,28.1875,-57.563584,1.4719784
00:10:18,28.1875,-57.45805,1.4705282
00:10:20,28.1875,-57.493216,1.4710115
00:10:21,28.1875,-57.50495,1.4711728
00:10:22,28.1875,-57.469772,1.4706894
00:10:24,28.125,-57.46978,1.4706895
00:10:25,28.125,-57.381804,1.4694808
00:10:27,28.125,-57.358352,1.4691585
00:10:28,28.125,-57.393548,1.469642
00:10:30,28.125,-57.387688,1.4695616
00:10:31,28.125,-57.3525,1.4690781
00:10:33,28.0625,-57.35836,1.4691586
00:10:34,28.125,-57.364228,1.4692392
00:10:36,28.0625,-57.32904,1.4687557
00:10:37,28.0625,-57.293848,1.4682722
00:10:39,28.0625,-57.305588,1.4684335
00:10:40,28.0625,-57.311464,1.4685142
00:10:42,28.0625,-57.252808,1.4677084
00:10:43,28.0,-57.200044,1.4669833
00:10:45,28.0,-57.26454,1.4678695
00:10:46,28.0,-57.229364,1.4673861
00:10:48,28.0,-57.229364,1.4673861
00:10:49,28.0,-57.229376,1.4673864
00:10:51,28.0,-57.182456,1.4667417
00:10:52,28.0,-57.258676,1.4677889
00:10:54,28.0,-57.182456,1.4667417
00:10:55,28.0,-57.147264,1.4662582
00:10:57,27.9375,-57.17659,1.4666611
00:10:58,27.9375,-57.135544,1.4660971
00:11:00,27.9375,-57.16487,1.4665
00:11:01,27.9375,-57.112084,1.4657748
00:11:03,27.875,-57.147276,1.4662583
00:11:04,27.9375,-57.147276,1.4662583
00:11:06,27.9375,-57.106216,1.4656942
00:11:07,27.875,-57.100364,1.4656137
00:11:09,27.875,-57.123816,1.465936
00:11:11,27.875,-57.094496,1.4655331
00:11:12,27.875,-57.000688,1.4642441
00:11:14,27.875,-57.047576,1.4648884
00:11:15,27.8125,-57.02414,1.4645664
00:11:17,27.875,-57.012404,1.4644052
00:11:18,27.8125,-57.02414,1.4645664
00:11:20,27.8125,-57.047584,1.4648886
00:11:21,27.8125,-56.99482,1.4641636
00:11:23,27.8125,-56.988952,1.464083
00:11:24,27.8125,-56.95965,1.4636803
00:11:26,27.8125,-56.965492,1.4637606
00:11:27,27.75,-56.965492,1.4637606
00:11:29,27.75,-56.93032,1.4632773
00:11:30,27.75,-56.87755,1.4625522
00:11:32,27.75,-56.97722,1.4639217
00:11:33,27.75,-56.906852,1.4629549
00:11:35,27.75,-56.988952,1.464083
00:11:36,27.75,-56.930312,1.4632772
00:11:38,27.6875,-56.84236,1.4620688
00:11:39,27.75,-56.930312,1.4632772
00:11:41,27.6875,-56.8834,1.4626326
00:11:42,27.6875,-56.865816,1.462391
00:11:44,27.6875,-56.87169,1.4624717
00:11:45,27.6875,-56.889268,1.4627132
00:11:47,27.6875,-56.824768,1.461827
00:11:48,27.6875,-56.836502,1.4619882
00:11:49,27.6875,-56.830636,1.4619076
00:11:51,27.625,-56.81891,1.4617466
00:11:52,27.625,-56.87168,1.4624716
00:11:54,27.625,-56.854096,1.46223
00:11:55,27.6875,-56.73095,1.4605379
00:11:57,27.625,-56.807176,1.4615853
00:11:58,27.625,-56.772004,1.461102
00:12:00,27.625,-56.74855,1.4607798
00:12:01,27.625,-56.78373,1.4612632
00:12:03,27.625,-56.795456,1.4614242
00:12:04,27.5625,-56.76026,1.4609407
00:12:06,27.625,-56.78373,1.4612632
00:12:07,27.5625,-56.742676,1.4606991
00:12:09,27.5625,-56.71335,1.4602962
00:12:10,27.5625,-56.689904,1.4599739
00:12:12,27.5625,-56.730956,1.460538
00:12:13,27.5625,-56.707496,1.4602157
00:12:15,27.5625,-56.719224,1.4603768
00:12:16,27.5625,-56.695764,1.4600545
00:12:18,27.5625,-56.725084,1.4604573
00:12:19,27.5625,-56.713356,1.4602963
00:12:21,27.5,-56.69577,1.4600546
00:12:22,27.5,-56.654716,1.4594905
00:12:24,27.5,-56.6137,1.4589269
00:12:25,27.5,-56.643004,1.4593296
00:12:27,27.5,-56.625404,1.4590877
00:12:28,27.5,-56.67231,1.4597323
00:12:30,27.5,-56.63713,1.4592489
00:12:31,27.5,-56.619544,1.4590073
00:12:33,27.5,-56.625412,1.4590878
00:12:34,27.5,-56.62542,1.459088
00:12:36,27.4375,-56.60782,1.4588461
00:12:37,27.5,-56.53746,1.4578794
00:12:39,27.4375,-56.601968,1.4587658
00:12:40,27.4375,-56.66645,1.4596517
00:12:42,27.4375,-56.601968,1.4587658
00:12:43,27.4375,-56.6136768,1.4589267

